sale_id,store_id,product_id,quantity,price,cost,returns,sale_date
1,5,2,3,5000,50000,3,2024-01-01
2,5,5,4,60000,70000,1,2024-01-02
3,1,5,4,60000,2000,2,2024-01-03
4,2,4,5,5000,70000,0,2024-01-04
5,1,3,3,5000,4000,3,2024-01-05
6,3,1,5,60000,2000,3,2024-01-06
7,2,6,3,60000,50000,0,2024-01-07
8,5,7,1,5000,10000,4,2024-01-08
9,5,7,4,5000,2000,3,2024-01-09
10,1,2,1,5000,2000,4,2024-01-10
11,5,2,3,3000,70000,0,2024-01-11
12,2,2,4,80000,30000,4,2024-01-12
13,4,1,4,15000,10000,0,2024-01-13
14,2,7,2,5000,70000,1,2024-01-14
15,4,1,2,15000,2000,2,2024-01-15
16,3,6,1,15000,4000,3,2024-01-16
17,2,1,5,80000,4000,0,2024-01-17
18,1,2,4,80000,70000,0,2024-01-18
19,1,3,3,80000,10000,3,2024-01-19
20,1,1,4,40000,50000,3,2024-01-20
21,3,3,2,5000,50000,2,2024-01-21
22,2,5,2,80000,50000,4,2024-01-22
23,4,4,2,60000,2000,4,2024-01-23
24,1,5,4,15000,2000,3,2024-01-24
25,2,6,5,3000,2000,0,2024-01-25
26,3,4,5,3000,50000,3,2024-01-26
27,4,1,5,3000,4000,4,2024-01-27
28,1,6,1,60000,10000,4,2024-01-28
29,2,6,4,15000,4000,4,2024-01-29
30,1,4,5,15000,4000,4,2024-01-30
31,2,3,3,15000,10000,1,2024-01-31
32,2,2,5,3000,70000,2,2024-02-01
33,2,4,3,60000,50000,0,2024-02-02
34,5,2,4,3000,10000,1,2024-02-03
35,5,6,4,40000,4000,3,2024-02-04
36,5,5,3,3000,50000,4,2024-02-05
37,2,5,3,5000,4000,0,2024-02-06
38,5,5,5,5000,50000,0,2024-02-07
39,2,3,1,15000,50000,3,2024-02-08
40,2,5,5,15000,50000,2,2024-02-09
41,1,7,5,15000,30000,3,2024-02-10
42,1,6,1,5000,2000,0,2024-02-11
43,4,2,4,15000,30000,3,2024-02-12
44,2,3,2,15000,70000,1,2024-02-13
45,3,7,1,80000,30000,2,2024-02-14
46,5,3,2,60000,30000,1,2024-02-15
47,1,3,2,60000,70000,0,2024-02-16
48,4,2,1,3000,2000,2,2024-02-17
49,4,5,2,40000,2000,3,2024-02-18
50,3,1,3,60000,4000,2,2024-02-19
51,1,2,1,15000,30000,0,2024-02-20
52,4,6,1,80000,30000,1,2024-02-21
53,1,4,2,5000,70000,1,2024-02-22
54,5,4,5,80000,2000,2,2024-02-23
55,5,3,4,3000,4000,3,2024-02-24
56,4,2,5,80000,2000,0,2024-02-25
57,2,5,2,40000,4000,3,2024-02-26
58,2,5,5,80000,70000,4,2024-02-27
59,2,7,4,40000,2000,4,2024-02-28
60,2,4,5,5000,50000,3,2024-02-29
61,2,4,2,60000,2000,1,2024-03-01
62,2,3,1,40000,4000,3,2024-03-02
63,3,2,5,15000,70000,3,2024-03-03
64,5,2,4,3000,2000,3,2024-03-04
65,5,7,5,60000,70000,1,2024-03-05
66,1,5,5,3000,2000,4,2024-03-06
67,4,7,2,40000,10000,4,2024-03-07
68,4,6,4,40000,4000,4,2024-03-08
69,1,4,5,15000,4000,2,2024-03-09
70,3,6,2,60000,4000,4,2024-03-10
71,3,7,4,15000,4000,4,2024-03-11
72,2,3,5,40000,70000,4,2024-03-12
73,5,3,3,80000,2000,4,2024-03-13
74,2,3,4,15000,4000,3,2024-03-14
75,2,3,3,5000,2000,3,2024-03-15
76,4,3,3,40000,50000,1,2024-03-16
77,3,2,3,40000,4000,4,2024-03-17
78,2,4,2,3000,10000,2,2024-03-18
79,3,6,5,80000,70000,1,2024-03-19
80,3,5,2,3000,10000,3,2024-03-20
81,4,1,4,5000,2000,2,2024-03-21
82,1,7,2,80000,2000,3,2024-03-22
83,3,2,1,3000,2000,0,2024-03-23
84,5,3,3,40000,2000,2,2024-03-24
85,4,3,2,80000,4000,2,2024-03-25
86,2,2,2,15000,2000,1,2024-03-26
87,1,2,1,80000,4000,3,2024-03-27
88,5,1,2,15000,50000,1,2024-03-28
89,5,6,2,80000,30000,3,2024-03-29
90,3,2,2,80000,50000,1,2024-03-30
91,3,4,2,15000,70000,3,2024-03-31
92,2,1,1,40000,4000,4,2024-04-01
93,4,1,3,60000,2000,2,2024-04-02
94,5,2,2,15000,50000,1,2024-04-03
95,5,4,4,3000,10000,1,2024-04-04
96,1,4,1,40000,30000,1,2024-04-05
97,4,6,5,80000,4000,1,2024-04-06
98,2,1,3,40000,4000,2,2024-04-07
99,1,6,4,60000,10000,0,2024-04-08
100,4,4,3,40000,30000,1,2024-04-09
101,4,1,4,60000,4000,3,2024-04-10
102,3,6,3,5000,70000,0,2024-04-11
103,4,5,2,60000,50000,1,2024-04-12
104,3,2,5,60000,4000,4,2024-04-13
105,2,4,2,5000,30000,3,2024-04-14
106,1,4,3,40000,30000,1,2024-04-15
107,5,2,5,60000,70000,3,2024-04-16
108,1,5,4,40000,70000,1,2024-04-17
109,2,3,2,60000,10000,2,2024-04-18
110,2,3,3,80000,30000,3,2024-04-19
111,2,7,4,40000,4000,0,2024-04-20
112,3,1,3,40000,30000,1,2024-04-21
113,1,7,3,80000,50000,1,2024-04-22
114,1,2,4,5000,10000,1,2024-04-23
115,5,3,5,60000,10000,1,2024-04-24
116,4,1,1,3000,2000,0,2024-04-25
117,1,5,4,5000,70000,4,2024-04-26
118,1,1,2,15000,2000,1,2024-04-27
119,5,7,4,80000,50000,1,2024-04-28
120,3,6,3,3000,50000,1,2024-04-29
121,5,7,5,3000,10000,4,2024-04-30
122,2,3,2,5000,10000,1,2024-05-01
123,3,6,2,80000,50000,2,2024-05-02
124,2,3,3,60000,10000,4,2024-05-03
125,1,4,5,5000,4000,0,2024-05-04
126,4,1,4,80000,30000,0,2024-05-05
127,5,4,5,40000,50000,2,2024-05-06
128,1,7,1,3000,2000,3,2024-05-07
129,5,4,5,60000,10000,3,2024-05-08
130,1,7,3,15000,50000,4,2024-05-09
131,1,3,4,60000,10000,2,2024-05-10
132,2,2,2,3000,10000,4,2024-05-11
133,3,1,4,15000,50000,4,2024-05-12
134,1,3,1,3000,50000,4,2024-05-13
135,2,2,4,80000,10000,1,2024-05-14
136,4,1,4,5000,2000,1,2024-05-15
137,2,2,1,5000,2000,3,2024-05-16
138,3,1,2,15000,2000,1,2024-05-17
139,2,3,4,60000,4000,4,2024-05-18
140,1,4,3,80000,4000,0,2024-05-19
141,1,2,5,3000,2000,4,2024-05-20
142,1,3,3,40000,4000,4,2024-05-21
143,3,7,4,15000,2000,1,2024-05-22
144,5,2,5,60000,4000,0,2024-05-23
145,4,6,4,80000,2000,3,2024-05-24
146,2,2,3,80000,2000,1,2024-05-25
147,4,4,5,15000,30000,4,2024-05-26
148,3,1,3,40000,10000,3,2024-05-27
149,4,2,2,15000,10000,3,2024-05-28
150,2,5,4,80000,2000,2,2024-05-29
151,1,3,2,15000,50000,0,2024-05-30
152,2,6,3,5000,4000,0,2024-05-31
153,1,2,4,60000,50000,3,2024-06-01
154,3,3,5,80000,10000,3,2024-06-02
155,5,6,5,80000,50000,0,2024-06-03
156,1,6,1,80000,70000,1,2024-06-04
157,3,1,4,60000,10000,0,2024-06-05
158,5,1,1,5000,10000,3,2024-06-06
159,4,5,2,40000,4000,3,2024-06-07
160,5,4,4,3000,50000,2,2024-06-08
161,1,3,3,80000,30000,3,2024-06-09
162,3,5,5,5000,50000,1,2024-06-10
163,5,6,4,60000,10000,4,2024-06-11
164,3,7,5,3000,30000,0,2024-06-12
165,1,6,5,15000,10000,3,2024-06-13
166,1,7,3,40000,2000,1,2024-06-14
167,1,4,3,40000,50000,0,2024-06-15
168,4,7,2,80000,50000,0,2024-06-16
169,2,1,4,15000,30000,0,2024-06-17
170,3,5,5,5000,70000,3,2024-06-18
171,3,5,1,40000,4000,1,2024-06-19
172,2,2,3,40000,2000,1,2024-06-20
173,1,5,4,15000,2000,3,2024-06-21
174,2,5,3,40000,70000,0,2024-06-22
175,4,3,1,80000,70000,1,2024-06-23
176,5,2,2,3000,50000,1,2024-06-24
177,3,7,1,3000,50000,2,2024-06-25
178,3,6,5,60000,10000,0,2024-06-26
179,3,4,3,40000,4000,0,2024-06-27
180,4,7,5,15000,2000,4,2024-06-28
181,2,4,5,5000,4000,4,2024-06-29
182,2,3,5,3000,50000,1,2024-06-30
183,4,1,4,40000,2000,1,2024-07-01
184,3,1,5,5000,10000,3,2024-07-02
185,5,6,1,5000,50000,0,2024-07-03
186,1,1,5,60000,2000,3,2024-07-04
187,4,3,3,15000,50000,0,2024-07-05
188,2,6,3,80000,4000,4,2024-07-06
189,2,6,5,80000,4000,3,2024-07-07
190,5,2,5,80000,50000,1,2024-07-08
191,2,1,5,5000,4000,1,2024-07-09
192,5,6,3,80000,70000,3,2024-07-10
193,4,6,5,80000,70000,2,2024-07-11
194,4,4,3,5000,30000,3,2024-07-12
195,1,3,3,60000,30000,2,2024-07-13
196,1,6,4,60000,10000,2,2024-07-14
197,2,2,2,5000,2000,0,2024-07-15
198,1,5,1,40000,50000,3,2024-07-16
199,4,6,2,60000,30000,0,2024-07-17
200,1,5,2,40000,4000,0,2024-07-18
201,1,4,3,40000,70000,3,2024-07-19
202,5,7,2,3000,10000,3,2024-07-20
203,4,5,2,15000,50000,4,2024-07-21
204,3,2,2,60000,70000,1,2024-07-22
205,1,1,4,80000,30000,4,2024-07-23
206,5,4,2,40000,50000,2,2024-07-24
207,2,3,2,15000,70000,1,2024-07-25
208,4,7,3,3000,50000,4,2024-07-26
209,3,7,1,15000,10000,2,2024-07-27
210,4,3,5,5000,50000,4,2024-07-28
211,5,5,1,5000,50000,0,2024-07-29
212,5,3,2,15000,70000,1,2024-07-30
213,4,4,2,60000,2000,3,2024-07-31
214,4,3,2,80000,10000,2,2024-08-01
215,2,4,4,80000,30000,2,2024-08-02
216,1,4,5,3000,70000,4,2024-08-03
217,3,3,3,40000,10000,0,2024-08-04
218,2,5,4,5000,4000,3,2024-08-05
219,3,4,4,40000,10000,1,2024-08-06
220,5,5,1,3000,2000,3,2024-08-07
221,4,4,5,15000,70000,2,2024-08-08
222,3,7,2,3000,50000,1,2024-08-09
223,3,5,4,3000,70000,2,2024-08-10
224,3,5,5,40000,4000,0,2024-08-11
225,1,6,5,3000,4000,4,2024-08-12
226,1,4,2,5000,30000,4,2024-08-13
227,2,5,5,5000,30000,1,2024-08-14
228,5,2,1,15000,50000,4,2024-08-15
229,1,6,5,40000,2000,4,2024-08-16
230,1,7,4,80000,10000,2,2024-08-17
231,1,3,4,3000,50000,3,2024-08-18
232,4,5,5,3000,30000,2,2024-08-19
233,1,5,4,60000,4000,4,2024-08-20
234,4,1,1,80000,70000,1,2024-08-21
235,5,6,3,80000,10000,3,2024-08-22
236,5,3,2,15000,4000,1,2024-08-23
237,5,6,1,3000,50000,0,2024-08-24
238,4,3,4,5000,50000,0,2024-08-25
239,5,7,2,15000,30000,0,2024-08-26
240,4,1,4,3000,70000,3,2024-08-27
241,2,4,4,80000,30000,2,2024-08-28
242,5,4,1,3000,30000,0,2024-08-29
243,1,2,2,40000,30000,4,2024-08-30
244,5,5,3,80000,4000,3,2024-08-31
245,1,6,4,60000,50000,2,2024-09-01
246,1,3,5,5000,50000,3,2024-09-02
247,1,3,4,40000,70000,2,2024-09-03
248,4,6,5,60000,50000,2,2024-09-04
249,3,5,4,15000,30000,3,2024-09-05
250,3,5,4,60000,70000,4,2024-09-06
251,3,7,5,80000,2000,4,2024-09-07
252,2,6,5,5000,2000,0,2024-09-08
253,4,7,1,80000,2000,1,2024-09-09
254,3,3,3,3000,70000,1,2024-09-10
255,5,4,1,60000,4000,0,2024-09-11
256,3,2,3,15000,4000,1,2024-09-12
257,1,3,5,40000,4000,1,2024-09-13
258,2,2,2,60000,10000,0,2024-09-14
259,3,4,4,5000,4000,3,2024-09-15
260,2,4,3,40000,30000,0,2024-09-16
261,3,5,4,40000,70000,0,2024-09-17
262,3,2,3,60000,30000,3,2024-09-18
263,1,1,5,60000,70000,4,2024-09-19
264,2,7,2,3000,70000,0,2024-09-20
265,1,7,5,40000,2000,0,2024-09-21
266,4,6,3,5000,10000,1,2024-09-22
267,3,6,4,40000,50000,4,2024-09-23
268,1,3,4,80000,2000,1,2024-09-24
269,3,7,5,40000,70000,1,2024-09-25
270,1,4,2,15000,50000,3,2024-09-26
271,4,3,1,3000,2000,4,2024-09-27
272,5,1,3,5000,50000,0,2024-09-28
273,1,5,2,60000,70000,0,2024-09-29
274,5,4,3,40000,70000,1,2024-09-30
275,2,1,4,5000,50000,4,2024-10-01
276,5,6,4,60000,70000,1,2024-10-02
277,5,1,5,5000,50000,0,2024-10-03
278,5,4,4,80000,70000,2,2024-10-04
279,5,7,4,60000,50000,2,2024-10-05
280,5,1,1,80000,30000,2,2024-10-06
281,3,1,3,15000,50000,1,2024-10-07
282,4,6,5,15000,50000,4,2024-10-08
283,2,6,3,40000,70000,2,2024-10-09
284,3,4,4,80000,50000,1,2024-10-10
285,2,2,2,3000,4000,0,2024-10-11
286,2,6,5,40000,50000,4,2024-10-12
287,4,2,5,80000,70000,0,2024-10-13
288,4,5,5,60000,2000,0,2024-10-14
289,3,5,3,3000,2000,1,2024-10-15
290,2,2,4,60000,70000,2,2024-10-16
291,3,7,2,15000,30000,4,2024-10-17
292,1,5,3,5000,30000,3,2024-10-18
293,2,3,1,40000,4000,1,2024-10-19
294,4,7,2,3000,70000,3,2024-10-20
295,3,2,3,60000,4000,1,2024-10-21
296,2,5,1,5000,2000,0,2024-10-22
297,3,6,1,3000,10000,3,2024-10-23
298,3,3,5,40000,4000,1,2024-10-24
299,1,2,4,15000,50000,4,2024-10-25
300,1,4,4,60000,30000,0,2024-10-26
301,5,6,3,3000,50000,0,2024-10-27
302,5,6,4,60000,4000,0,2024-10-28
303,5,1,1,80000,4000,3,2024-10-29
304,5,1,1,3000,70000,2,2024-10-30
305,5,1,4,15000,30000,2,2024-10-31
306,3,7,2,5000,4000,2,2024-11-01
307,2,1,5,60000,4000,1,2024-11-02
308,4,2,1,60000,50000,1,2024-11-03
309,3,4,3,60000,2000,3,2024-11-04
310,1,3,3,40000,70000,3,2024-11-05
311,5,5,5,5000,4000,0,2024-11-06
312,3,3,2,5000,2000,3,2024-11-07
313,1,4,5,15000,4000,2,2024-11-08
314,5,1,1,80000,2000,0,2024-11-09
315,2,4,4,5000,50000,3,2024-11-10
316,1,1,5,60000,30000,2,2024-11-11
317,5,5,2,80000,4000,0,2024-11-12
318,4,4,3,3000,50000,4,2024-11-13
319,4,7,5,15000,4000,3,2024-11-14
320,4,7,5,40000,4000,2,2024-11-15
321,1,1,4,3000,50000,2,2024-11-16
322,5,7,1,3000,30000,3,2024-11-17
323,5,3,2,3000,70000,2,2024-11-18
324,3,7,1,60000,4000,1,2024-11-19
325,2,2,3,3000,2000,2,2024-11-20
326,2,4,3,80000,30000,3,2024-11-21
327,5,7,3,80000,70000,2,2024-11-22
328,1,3,2,3000,10000,4,2024-11-23
329,1,3,4,80000,10000,4,2024-11-24
330,4,6,3,5000,4000,0,2024-11-25
331,3,7,5,60000,10000,3,2024-11-26
332,1,2,2,15000,50000,0,2024-11-27
333,1,7,3,60000,10000,0,2024-11-28
334,3,3,4,5000,2000,1,2024-11-29
335,5,2,4,80000,4000,3,2024-11-30
336,4,2,4,3000,10000,0,2024-12-01
337,4,6,5,60000,50000,2,2024-12-02
338,2,7,3,60000,2000,2,2024-12-03
339,2,7,4,60000,70000,2,2024-12-04
340,5,3,2,80000,30000,1,2024-12-05
341,1,2,1,40000,2000,3,2024-12-06
342,3,4,2,80000,4000,2,2024-12-07
343,2,2,4,60000,2000,2,2024-12-08
344,5,3,4,15000,70000,0,2024-12-09
345,4,5,3,80000,10000,2,2024-12-10
346,1,2,5,15000,70000,3,2024-12-11
347,1,5,2,5000,4000,4,2024-12-12
348,1,7,1,80000,10000,3,2024-12-13
349,4,4,2,40000,2000,3,2024-12-14
350,5,3,1,15000,2000,0,2024-12-15
351,2,6,4,15000,4000,1,2024-12-16
352,5,5,2,60000,50000,0,2024-12-17
353,5,7,5,40000,10000,1,2024-12-18
354,5,4,3,15000,30000,1,2024-12-19
355,3,4,5,40000,50000,1,2024-12-20
356,2,2,2,5000,70000,4,2024-12-21
357,2,5,1,80000,70000,0,2024-12-22
358,4,3,4,15000,50000,2,2024-12-23
359,4,4,2,5000,70000,1,2024-12-24
360,5,2,5,40000,70000,4,2024-12-25
361,3,1,1,5000,50000,1,2024-12-26
362,2,6,1,5000,10000,0,2024-12-27
363,5,1,3,40000,70000,2,2024-12-28
364,4,6,2,15000,10000,2,2024-12-29
365,3,4,4,60000,50000,3,2024-12-30
366,3,6,2,15000,2000,1,2024-12-31
367,5,1,5,3000,4000,4,2025-01-01
368,3,3,2,40000,70000,0,2025-01-02
369,2,6,5,40000,10000,4,2025-01-03
370,5,5,4,40000,30000,3,2025-01-04
371,1,2,2,80000,4000,4,2025-01-05
372,5,5,2,40000,2000,2,2025-01-06
373,3,4,4,80000,4000,3,2025-01-07
374,4,5,2,60000,10000,0,2025-01-08
375,1,7,4,60000,2000,1,2025-01-09
376,1,6,4,15000,50000,1,2025-01-10
377,2,7,5,15000,30000,2,2025-01-11
378,2,7,5,3000,2000,4,2025-01-12
379,5,6,4,5000,50000,0,2025-01-13
380,3,1,3,15000,2000,2,2025-01-14
381,2,2,2,3000,2000,4,2025-01-15
382,2,7,5,5000,70000,1,2025-01-16
383,3,1,2,15000,50000,1,2025-01-17
384,4,5,5,15000,4000,4,2025-01-18
385,5,4,4,80000,4000,1,2025-01-19
386,2,1,1,3000,30000,2,2025-01-20
387,5,6,4,3000,10000,3,2025-01-21
388,1,3,5,60000,10000,0,2025-01-22
389,3,5,1,15000,10000,1,2025-01-23
390,4,6,1,5000,50000,0,2025-01-24
391,1,7,3,40000,30000,0,2025-01-25
392,4,5,5,5000,70000,3,2025-01-26
393,2,7,5,60000,2000,1,2025-01-27
394,2,3,1,40000,4000,3,2025-01-28
395,3,7,2,15000,4000,3,2025-01-29
396,1,4,5,60000,70000,1,2025-01-30
397,1,4,3,3000,4000,1,2025-01-31
398,5,2,5,3000,70000,3,2025-02-01
399,2,1,2,80000,50000,2,2025-02-02
400,4,4,4,80000,30000,4,2025-02-03
401,2,3,5,40000,4000,2,2025-02-04
402,3,7,2,60000,10000,0,2025-02-05
403,4,2,1,5000,10000,0,2025-02-06
404,3,4,3,80000,50000,3,2025-02-07
405,3,2,5,80000,4000,3,2025-02-08
406,4,4,4,3000,50000,3,2025-02-09
407,1,1,5,40000,70000,1,2025-02-10
408,2,2,2,3000,30000,3,2025-02-11
409,2,5,4,80000,2000,3,2025-02-12
410,2,6,3,80000,10000,4,2025-02-13
411,3,4,5,15000,30000,1,2025-02-14
412,1,3,3,80000,2000,4,2025-02-15
413,2,2,4,3000,50000,1,2025-02-16
414,2,7,4,60000,70000,2,2025-02-17
415,3,7,1,5000,10000,1,2025-02-18
416,3,2,3,80000,50000,4,2025-02-19
417,2,1,2,60000,4000,4,2025-02-20
418,3,4,5,40000,10000,3,2025-02-21
419,4,1,4,3000,2000,0,2025-02-22
420,2,3,3,3000,4000,1,2025-02-23
421,1,3,5,5000,2000,0,2025-02-24
422,1,6,1,15000,10000,2,2025-02-25
423,5,6,5,5000,10000,4,2025-02-26
424,2,4,4,80000,4000,4,2025-02-27
425,1,5,4,40000,50000,1,2025-02-28
426,4,3,5,3000,30000,0,2025-03-01
427,1,4,2,80000,30000,1,2025-03-02
428,2,2,4,80000,50000,4,2025-03-03
429,2,1,1,15000,10000,3,2025-03-04
430,1,5,4,5000,50000,0,2025-03-05
431,3,7,3,5000,50000,3,2025-03-06
432,1,7,1,60000,70000,0,2025-03-07
433,1,1,2,80000,2000,0,2025-03-08
434,3,1,2,5000,2000,3,2025-03-09
435,5,7,3,80000,30000,2,2025-03-10
436,1,1,4,60000,4000,1,2025-03-11
437,1,2,4,80000,50000,3,2025-03-12
438,3,4,2,3000,30000,0,2025-03-13
439,1,4,5,5000,70000,1,2025-03-14
440,4,1,5,5000,4000,2,2025-03-15
441,5,6,5,80000,2000,3,2025-03-16
442,5,7,2,15000,10000,4,2025-03-17
443,2,7,2,80000,4000,2,2025-03-18
444,4,6,5,60000,2000,4,2025-03-19
445,2,3,4,40000,2000,4,2025-03-20
446,2,1,3,15000,10000,1,2025-03-21
447,1,7,3,5000,2000,2,2025-03-22
448,5,1,2,3000,10000,0,2025-03-23
449,3,4,2,5000,30000,0,2025-03-24
450,3,1,5,5000,50000,3,2025-03-25
451,5,1,1,5000,10000,2,2025-03-26
452,4,5,4,3000,10000,1,2025-03-27
453,2,5,3,80000,10000,3,2025-03-28
454,2,6,1,60000,4000,1,2025-03-29
455,1,7,5,60000,2000,0,2025-03-30
456,2,1,5,60000,50000,1,2025-03-31
457,1,6,4,5000,2000,3,2025-04-01
458,3,6,3,15000,10000,0,2025-04-02
459,2,6,5,5000,30000,3,2025-04-03
460,1,3,4,3000,70000,4,2025-04-04
461,2,2,2,80000,70000,2,2025-04-05
462,2,3,3,15000,50000,4,2025-04-06
463,3,2,5,80000,50000,0,2025-04-07
464,5,7,4,60000,30000,1,2025-04-08
465,2,5,3,3000,2000,0,2025-04-09
466,1,1,4,40000,2000,1,2025-04-10
467,5,4,1,15000,50000,0,2025-04-11
468,2,2,1,5000,30000,1,2025-04-12
469,1,4,4,5000,4000,2,2025-04-13
470,4,7,2,15000,70000,2,2025-04-14
471,1,1,5,15000,4000,0,2025-04-15
472,5,2,3,5000,50000,1,2025-04-16
473,5,1,5,60000,10000,4,2025-04-17
474,2,5,4,60000,4000,2,2025-04-18
475,4,4,1,3000,30000,0,2025-04-19
476,1,4,4,3000,30000,2,2025-04-20
477,4,4,4,60000,10000,2,2025-04-21
478,3,5,2,3000,50000,3,2025-04-22
479,5,7,4,60000,50000,1,2025-04-23
480,4,6,5,5000,4000,1,2025-04-24
481,4,2,3,80000,4000,3,2025-04-25
482,5,5,4,15000,2000,1,2025-04-26
483,2,1,3,3000,70000,3,2025-04-27
484,4,7,4,5000,10000,3,2025-04-28
485,3,6,5,5000,2000,0,2025-04-29
486,1,2,5,5000,4000,3,2025-04-30
487,1,5,3,40000,50000,1,2025-05-01
488,1,6,5,40000,4000,2,2025-05-02
489,4,1,4,3000,30000,2,2025-05-03
490,4,2,2,80000,70000,0,2025-05-04
491,1,5,2,80000,70000,3,2025-05-05
492,4,3,5,80000,50000,1,2025-05-06
493,4,7,2,40000,50000,1,2025-05-07
494,2,3,3,3000,70000,3,2025-05-08
495,5,4,1,60000,50000,0,2025-05-09
496,5,7,5,15000,2000,2,2025-05-10
497,5,4,4,80000,10000,2,2025-05-11
498,5,3,3,80000,70000,3,2025-05-12
499,5,3,2,60000,70000,2,2025-05-13
500,3,2,4,60000,70000,2,2025-05-14
501,2,7,5,80000,50000,0,2025-05-15
502,1,7,3,15000,50000,3,2025-05-16
503,4,2,4,40000,2000,1,2025-05-17
504,1,4,5,80000,10000,2,2025-05-18
505,5,3,3,5000,4000,4,2025-05-19
506,2,4,3,40000,10000,1,2025-05-20
507,1,1,5,60000,30000,3,2025-05-21
508,2,7,1,80000,50000,1,2025-05-22
509,3,3,4,60000,50000,3,2025-05-23
510,4,5,3,60000,10000,4,2025-05-24
511,3,2,4,15000,4000,0,2025-05-25
512,5,3,1,15000,30000,1,2025-05-26
513,4,6,5,3000,10000,2,2025-05-27
514,2,4,5,5000,30000,2,2025-05-28
515,5,5,5,40000,2000,3,2025-05-29
516,2,5,2,80000,50000,1,2025-05-30
517,2,3,4,40000,10000,3,2025-05-31
518,2,2,5,15000,2000,3,2025-06-01
519,3,2,2,60000,4000,0,2025-06-02
520,1,1,5,80000,10000,0,2025-06-03
521,2,3,3,15000,50000,2,2025-06-04
522,3,3,4,60000,30000,4,2025-06-05
523,2,7,3,40000,30000,3,2025-06-06
524,2,4,1,3000,4000,4,2025-06-07
525,3,4,4,5000,4000,0,2025-06-08
526,2,3,1,40000,4000,2,2025-06-09
527,1,4,5,40000,4000,3,2025-06-10
528,4,1,1,15000,30000,2,2025-06-11
529,3,1,3,80000,2000,4,2025-06-12
530,2,6,3,3000,30000,0,2025-06-13
531,2,2,3,15000,2000,3,2025-06-14
532,3,5,3,80000,30000,0,2025-06-15
533,5,3,1,5000,50000,1,2025-06-16
534,4,1,2,40000,4000,0,2025-06-17
535,3,3,4,80000,70000,1,2025-06-18
536,1,3,2,40000,50000,3,2025-06-19
537,1,3,5,3000,4000,4,2025-06-20
538,2,4,3,80000,2000,4,2025-06-21
539,3,7,3,5000,2000,0,2025-06-22
540,1,4,4,3000,70000,0,2025-06-23
541,2,5,5,60000,50000,4,2025-06-24
542,1,7,3,80000,30000,3,2025-06-25
543,3,1,4,80000,10000,3,2025-06-26
544,1,5,4,15000,2000,2,2025-06-27
545,5,1,4,3000,10000,1,2025-06-28
546,4,5,2,15000,2000,2,2025-06-29
547,5,5,3,15000,2000,3,2025-06-30
548,5,4,4,60000,50000,4,2025-07-01
549,3,4,1,60000,70000,3,2025-07-02
550,3,5,4,60000,70000,3,2025-07-03
551,4,6,5,15000,70000,1,2025-07-04
552,3,5,5,15000,50000,0,2025-07-05
553,4,7,1,15000,10000,2,2025-07-06
554,2,2,3,80000,4000,4,2025-07-07
555,5,4,5,60000,10000,2,2025-07-08
556,1,5,4,60000,2000,4,2025-07-09
557,2,7,3,5000,50000,3,2025-07-10
558,5,1,2,5000,50000,2,2025-07-11
559,1,7,1,3000,4000,3,2025-07-12
560,4,6,2,3000,2000,2,2025-07-13
561,3,1,4,3000,70000,4,2025-07-14
562,5,1,4,80000,50000,1,2025-07-15
563,1,2,3,40000,70000,2,2025-07-16
564,3,3,1,40000,4000,4,2025-07-17
565,1,4,1,60000,10000,1,2025-07-18
566,4,2,3,5000,2000,2,2025-07-19
567,5,2,4,3000,30000,2,2025-07-20
568,4,2,2,60000,2000,1,2025-07-21
569,2,7,2,60000,2000,2,2025-07-22
570,5,3,1,5000,50000,1,2025-07-23
571,1,7,2,5000,50000,2,2025-07-24
572,4,6,5,5000,70000,2,2025-07-25
573,5,6,5,5000,2000,1,2025-07-26
574,1,2,1,3000,30000,2,2025-07-27
575,4,5,1,15000,50000,2,2025-07-28
576,4,5,2,60000,30000,2,2025-07-29
577,5,5,5,80000,70000,3,2025-07-30
578,3,1,3,60000,30000,2,2025-07-31
579,5,2,2,15000,4000,2,2025-08-01
580,2,5,5,60000,30000,4,2025-08-02
581,2,2,3,80000,70000,2,2025-08-03
582,2,5,3,40000,50000,3,2025-08-04
583,2,6,3,80000,2000,3,2025-08-05
584,4,6,1,80000,70000,3,2025-08-06
585,4,6,5,5000,70000,0,2025-08-07
586,5,1,2,80000,10000,1,2025-08-08
587,2,3,1,3000,50000,1,2025-08-09
588,2,3,1,80000,70000,0,2025-08-10
589,3,5,4,80000,10000,1,2025-08-11
590,3,7,1,40000,50000,4,2025-08-12
591,4,4,3,60000,10000,0,2025-08-13
592,3,3,1,80000,2000,2,2025-08-14
593,2,3,3,5000,50000,1,2025-08-15
594,1,6,2,60000,4000,2,2025-08-16
595,1,5,2,60000,70000,2,2025-08-17
596,3,6,3,80000,10000,0,2025-08-18
597,2,2,3,5000,10000,2,2025-08-19
598,2,1,2,3000,50000,3,2025-08-20
599,2,4,2,5000,2000,0,2025-08-21
600,5,4,1,40000,10000,4,2025-08-22
601,4,6,5,15000,10000,1,2025-08-23
602,3,1,2,5000,50000,1,2025-08-24
603,4,7,5,60000,2000,4,2025-08-25
604,1,6,4,80000,70000,1,2025-08-26
605,4,4,3,5000,70000,4,2025-08-27
606,1,7,2,40000,10000,0,2025-08-28
607,3,7,2,80000,50000,2,2025-08-29
608,1,3,3,15000,2000,4,2025-08-30
609,3,1,4,40000,2000,4,2025-08-31
610,5,5,1,5000,2000,4,2025-09-01
611,4,4,2,3000,50000,4,2025-09-02
612,3,5,5,3000,50000,3,2025-09-03
613,2,3,3,40000,2000,4,2025-09-04
614,4,2,3,5000,10000,3,2025-09-05
615,2,2,3,80000,4000,1,2025-09-06
616,2,4,2,60000,2000,3,2025-09-07
617,1,1,3,60000,30000,4,2025-09-08
618,1,2,2,5000,4000,0,2025-09-09
619,4,5,3,5000,2000,2,2025-09-10
620,1,5,3,3000,10000,1,2025-09-11
621,4,2,4,40000,50000,4,2025-09-12
622,5,6,2,60000,50000,2,2025-09-13
623,4,5,2,40000,70000,2,2025-09-14
624,3,3,5,15000,4000,1,2025-09-15
625,1,4,2,80000,2000,3,2025-09-16
626,4,2,3,60000,30000,1,2025-09-17
627,3,6,2,15000,4000,1,2025-09-18
628,5,2,5,40000,70000,2,2025-09-19
629,4,4,2,3000,10000,0,2025-09-20
630,3,7,2,15000,10000,0,2025-09-21
631,1,7,2,15000,2000,4,2025-09-22
632,2,5,5,40000,2000,0,2025-09-23
633,4,4,3,60000,50000,4,2025-09-24
634,2,1,5,60000,10000,3,2025-09-25
635,2,3,5,3000,70000,1,2025-09-26
636,5,3,4,40000,50000,1,2025-09-27
637,3,4,3,5000,10000,4,2025-09-28
638,3,3,5,60000,10000,4,2025-09-29
639,5,1,1,80000,50000,0,2025-09-30
640,4,4,1,60000,70000,1,2025-10-01
641,1,6,2,40000,10000,2,2025-10-02
642,1,1,5,3000,4000,3,2025-10-03
643,4,4,2,80000,70000,2,2025-10-04
644,1,2,2,15000,2000,0,2025-10-05
645,2,1,5,80000,30000,4,2025-10-06
646,4,2,4,15000,30000,1,2025-10-07
647,3,1,3,3000,2000,1,2025-10-08
648,2,5,1,60000,50000,3,2025-10-09
649,5,4,2,15000,50000,0,2025-10-10
650,3,1,2,60000,70000,4,2025-10-11
651,5,7,1,3000,50000,3,2025-10-12
652,4,5,1,80000,4000,2,2025-10-13
653,2,4,4,3000,70000,0,2025-10-14
654,4,6,1,80000,4000,0,2025-10-15
655,3,3,1,3000,70000,1,2025-10-16
656,3,4,2,80000,4000,3,2025-10-17
657,3,2,2,15000,30000,0,2025-10-18
658,1,2,2,3000,30000,4,2025-10-19
659,2,4,1,5000,70000,2,2025-10-20
660,1,4,2,40000,70000,4,2025-10-21
661,5,3,2,40000,4000,2,2025-10-22
662,5,4,2,80000,4000,1,2025-10-23
663,4,2,1,40000,10000,1,2025-10-24
664,4,1,3,60000,10000,2,2025-10-25
665,1,4,3,15000,4000,0,2025-10-26
666,2,1,2,80000,70000,4,2025-10-27
667,2,2,5,40000,70000,4,2025-10-28
668,4,7,1,80000,30000,1,2025-10-29
669,2,5,5,15000,50000,3,2025-10-30
670,5,4,2,5000,70000,3,2025-10-31
671,2,4,1,3000,2000,4,2025-11-01
672,2,3,1,3000,50000,4,2025-11-02
673,5,3,4,40000,4000,3,2025-11-03
674,5,4,5,40000,70000,0,2025-11-04
675,1,7,2,80000,50000,3,2025-11-05
676,4,5,4,40000,50000,3,2025-11-06
677,1,2,3,15000,30000,0,2025-11-07
678,5,1,2,3000,50000,0,2025-11-08
679,5,2,3,40000,4000,2,2025-11-09
680,1,7,5,15000,4000,0,2025-11-10
681,1,3,5,40000,4000,0,2025-11-11
682,3,2,2,5000,70000,4,2025-11-12
683,2,6,1,60000,70000,2,2025-11-13
684,3,3,3,15000,2000,4,2025-11-14
685,1,6,2,15000,4000,0,2025-11-15
686,1,4,5,60000,30000,0,2025-11-16
687,3,1,3,5000,70000,0,2025-11-17
688,5,2,3,40000,2000,3,2025-11-18
689,2,7,1,40000,70000,4,2025-11-19
690,4,1,5,5000,50000,0,2025-11-20
691,3,5,4,3000,4000,0,2025-11-21
692,1,1,4,80000,2000,0,2025-11-22
693,1,7,5,15000,4000,3,2025-11-23
694,2,3,3,5000,4000,2,2025-11-24
695,1,1,1,3000,10000,0,2025-11-25
696,3,3,1,5000,50000,1,2025-11-26
697,5,6,5,3000,50000,1,2025-11-27
698,2,7,2,3000,30000,4,2025-11-28
699,2,5,3,60000,70000,4,2025-11-29
700,1,4,3,5000,30000,4,2025-11-30
701,3,2,3,60000,10000,3,2025-12-01
702,1,1,1,80000,70000,1,2025-12-02
703,1,7,5,40000,70000,1,2025-12-03
704,4,1,1,40000,10000,1,2025-12-04
705,5,1,2,5000,2000,1,2025-12-05
706,2,7,4,40000,2000,1,2025-12-06
707,4,2,2,3000,4000,3,2025-12-07
708,5,6,1,5000,2000,4,2025-12-08
709,2,3,4,40000,4000,4,2025-12-09
710,3,1,4,15000,50000,3,2025-12-10
711,1,5,2,60000,70000,2,2025-12-11
712,3,3,1,5000,2000,1,2025-12-12
713,4,2,4,60000,10000,4,2025-12-13
714,3,7,1,40000,30000,2,2025-12-14
715,1,5,2,60000,2000,4,2025-12-15
716,3,5,1,40000,2000,2,2025-12-16
717,4,7,5,80000,30000,4,2025-12-17
718,4,7,1,40000,4000,0,2025-12-18
719,1,5,1,5000,30000,4,2025-12-19
720,4,5,4,5000,4000,0,2025-12-20
721,3,1,4,3000,2000,2,2025-12-21
722,5,7,5,5000,10000,1,2025-12-22
723,1,6,2,5000,10000,0,2025-12-23
724,4,2,2,60000,70000,2,2025-12-24
725,4,3,1,40000,70000,1,2025-12-25
726,1,2,2,3000,70000,2,2025-12-26
727,2,6,2,60000,50000,3,2025-12-27
728,5,5,1,3000,10000,3,2025-12-28
729,2,5,2,5000,2000,3,2025-12-29
730,1,2,1,80000,50000,3,2025-12-30
731,3,6,2,60000,30000,3,2025-12-31
732,4,6,2,60000,2000,1,2026-01-01
733,3,6,2,3000,50000,2,2026-01-02
734,3,1,2,80000,30000,4,2026-01-03
735,1,7,3,5000,50000,3,2026-01-04
736,1,4,4,60000,2000,2,2026-01-05
737,1,6,5,40000,2000,4,2026-01-06
738,2,1,2,80000,10000,0,2026-01-07
739,3,1,1,5000,4000,3,2026-01-08
740,5,3,4,15000,30000,4,2026-01-09
741,5,3,4,15000,50000,1,2026-01-10
742,4,3,4,60000,2000,1,2026-01-11
743,2,1,5,5000,30000,0,2026-01-12
744,2,3,5,80000,30000,2,2026-01-13
745,5,2,1,15000,10000,1,2026-01-14
746,2,1,1,15000,2000,0,2026-01-15
747,3,3,3,5000,4000,4,2026-01-16
748,2,4,1,15000,10000,1,2026-01-17
749,5,6,3,60000,4000,4,2026-01-18
750,4,5,4,80000,2000,3,2026-01-19
751,2,7,4,3000,10000,2,2026-01-20
752,3,6,3,80000,4000,0,2026-01-21
753,4,4,2,3000,50000,4,2026-01-22
754,5,1,1,5000,70000,0,2026-01-23
755,2,1,1,80000,30000,3,2026-01-24
756,4,7,5,3000,10000,3,2026-01-25
757,2,2,5,40000,70000,1,2026-01-26
758,1,1,2,40000,50000,1,2026-01-27
759,2,2,5,15000,2000,4,2026-01-28
760,4,3,2,80000,10000,0,2026-01-29
761,1,3,2,60000,70000,0,2026-01-30
762,1,4,3,40000,30000,3,2026-01-31
763,3,6,5,40000,10000,1,2026-02-01
764,5,2,1,3000,30000,0,2026-02-02
765,2,6,1,5000,70000,4,2026-02-03
766,4,4,3,5000,4000,4,2026-02-04
767,5,1,1,3000,30000,3,2026-02-05
768,5,3,2,60000,2000,1,2026-02-06
769,5,4,3,60000,4000,4,2026-02-07
770,3,3,2,5000,10000,1,2026-02-08
771,1,3,5,60000,30000,3,2026-02-09
772,3,4,3,80000,70000,1,2026-02-10
773,2,2,3,5000,50000,2,2026-02-11
774,4,4,1,5000,2000,3,2026-02-12
775,4,1,2,15000,4000,0,2026-02-13
776,1,3,4,80000,10000,4,2026-02-14
777,2,1,3,5000,50000,2,2026-02-15
778,5,4,1,40000,4000,2,2026-02-16
779,2,6,4,60000,2000,1,2026-02-17
780,2,5,5,15000,10000,0,2026-02-18
781,4,4,4,15000,70000,1,2026-02-19
782,1,6,4,40000,4000,1,2026-02-20
783,4,2,3,80000,70000,0,2026-02-21
784,4,3,1,40000,50000,1,2026-02-22
785,1,6,4,3000,30000,3,2026-02-23
786,5,7,5,80000,30000,3,2026-02-24
787,1,2,3,5000,70000,1,2026-02-25
788,1,6,4,3000,70000,3,2026-02-26
789,3,2,4,40000,4000,1,2026-02-27
790,5,7,2,60000,4000,2,2026-02-28
791,3,4,4,60000,70000,0,2026-03-01
792,3,3,1,15000,4000,4,2026-03-02
793,1,3,1,15000,70000,3,2026-03-03
794,5,3,4,60000,4000,4,2026-03-04
795,1,4,5,80000,10000,3,2026-03-05
796,2,4,1,80000,4000,4,2026-03-06
797,1,5,1,80000,2000,4,2026-03-07
798,3,2,4,5000,30000,2,2026-03-08
799,5,7,5,40000,50000,1,2026-03-09
800,4,7,1,80000,4000,3,2026-03-10
801,3,1,5,15000,2000,4,2026-03-11
802,1,2,3,5000,30000,3,2026-03-12
803,2,1,3,40000,10000,0,2026-03-13
804,4,6,2,40000,4000,4,2026-03-14
805,2,7,4,80000,50000,1,2026-03-15
806,5,5,2,80000,10000,4,2026-03-16
807,3,2,5,15000,50000,1,2026-03-17
808,4,7,1,15000,10000,0,2026-03-18
809,2,6,2,3000,70000,4,2026-03-19
810,1,2,3,3000,4000,3,2026-03-20
811,1,3,4,5000,30000,0,2026-03-21
812,1,3,1,80000,2000,2,2026-03-22
813,3,2,4,15000,70000,1,2026-03-23
814,1,3,1,15000,4000,1,2026-03-24
815,1,4,2,3000,50000,3,2026-03-25
816,4,7,4,3000,10000,3,2026-03-26
817,3,4,5,40000,10000,0,2026-03-27
818,4,3,5,5000,30000,4,2026-03-28
819,2,5,4,60000,50000,2,2026-03-29
820,3,6,2,15000,10000,3,2026-03-30
821,3,6,2,80000,4000,3,2026-03-31
822,2,1,2,3000,2000,0,2026-04-01
823,1,4,4,3000,10000,4,2026-04-02
824,3,2,1,3000,70000,3,2026-04-03
825,2,6,1,3000,4000,4,2026-04-04
826,4,1,2,40000,4000,1,2026-04-05
827,3,1,2,15000,4000,2,2026-04-06
828,1,7,1,5000,30000,2,2026-04-07
829,4,5,4,3000,4000,3,2026-04-08
830,4,2,2,5000,50000,4,2026-04-09
831,2,7,2,15000,50000,1,2026-04-10
832,2,3,1,60000,70000,0,2026-04-11
833,4,4,5,5000,10000,4,2026-04-12
834,1,6,2,80000,70000,4,2026-04-13
835,1,1,3,15000,10000,1,2026-04-14
836,3,4,3,60000,10000,2,2026-04-15
837,5,5,3,40000,4000,1,2026-04-16
838,3,7,3,5000,50000,1,2026-04-17
839,3,1,5,60000,4000,1,2026-04-18
840,2,3,4,40000,50000,0,2026-04-19
841,5,1,4,3000,4000,3,2026-04-20
842,2,3,1,40000,10000,4,2026-04-21
843,3,3,4,15000,4000,2,2026-04-22
844,2,5,1,40000,4000,3,2026-04-23
845,1,2,2,5000,70000,2,2026-04-24
846,2,1,2,60000,50000,0,2026-04-25
847,2,2,2,80000,10000,2,2026-04-26
848,2,4,3,3000,30000,2,2026-04-27
849,4,4,1,5000,50000,0,2026-04-28
850,3,6,1,40000,4000,3,2026-04-29
851,5,3,5,60000,70000,2,2026-04-30
852,2,4,3,60000,10000,1,2026-05-01
853,5,7,3,15000,70000,0,2026-05-02
854,5,2,2,15000,30000,0,2026-05-03
855,1,4,3,80000,10000,3,2026-05-04
856,1,6,5,5000,10000,1,2026-05-05
857,3,2,1,3000,2000,1,2026-05-06
858,3,5,1,60000,2000,3,2026-05-07
859,1,1,1,5000,30000,3,2026-05-08
860,2,6,2,5000,10000,2,2026-05-09
861,3,4,1,40000,30000,2,2026-05-10
862,1,6,5,3000,30000,3,2026-05-11
863,4,5,5,5000,10000,4,2026-05-12
864,3,3,5,80000,30000,0,2026-05-13
865,2,2,5,3000,50000,1,2026-05-14
866,3,3,1,15000,4000,1,2026-05-15
867,4,5,5,3000,4000,4,2026-05-16
868,1,7,5,5000,30000,3,2026-05-17
869,1,1,3,5000,70000,1,2026-05-18
870,1,7,5,5000,70000,1,2026-05-19
871,5,4,1,3000,10000,0,2026-05-20
872,2,1,4,15000,30000,3,2026-05-21
873,2,2,2,80000,50000,1,2026-05-22
874,3,6,2,60000,30000,1,2026-05-23
875,1,6,4,40000,30000,2,2026-05-24
876,3,5,3,80000,10000,0,2026-05-25
877,3,1,5,3000,30000,2,2026-05-26
878,1,2,5,80000,2000,2,2026-05-27
879,1,4,4,3000,10000,4,2026-05-28
880,3,5,1,60000,70000,0,2026-05-29
881,3,1,5,3000,2000,2,2026-05-30
882,2,6,2,15000,70000,2,2026-05-31
883,4,2,4,60000,4000,2,2026-06-01
884,1,3,1,40000,10000,0,2026-06-02
885,4,1,5,15000,30000,4,2026-06-03
886,3,2,2,60000,2000,1,2026-06-04
887,5,3,4,15000,2000,1,2026-06-05
888,3,2,5,5000,10000,4,2026-06-06
889,5,5,1,40000,70000,3,2026-06-07
890,2,3,5,80000,2000,4,2026-06-08
891,4,6,3,5000,4000,2,2026-06-09
892,3,7,3,3000,30000,1,2026-06-10
893,5,6,4,15000,70000,1,2026-06-11
894,4,3,4,3000,2000,1,2026-06-12
895,3,2,5,80000,4000,4,2026-06-13
896,4,4,5,80000,10000,0,2026-06-14
897,5,3,2,15000,4000,2,2026-06-15
898,3,2,1,80000,50000,1,2026-06-16
899,5,5,5,40000,70000,0,2026-06-17
900,2,4,5,60000,2000,1,2026-06-18
901,3,7,1,80000,30000,3,2026-06-19
902,2,4,2,60000,70000,0,2026-06-20
903,4,2,5,5000,4000,0,2026-06-21
904,3,5,4,80000,30000,3,2026-06-22
905,4,3,1,5000,10000,2,2026-06-23
906,5,6,3,60000,70000,0,2026-06-24
907,5,2,2,3000,50000,2,2026-06-25
908,4,7,4,60000,10000,2,2026-06-26
909,1,5,1,80000,4000,4,2026-06-27
910,4,7,4,60000,30000,1,2026-06-28
911,1,3,2,3000,30000,3,2026-06-29
912,1,2,2,15000,30000,1,2026-06-30
913,3,2,1,80000,50000,3,2026-07-01
914,2,6,4,80000,10000,1,2026-07-02
915,5,3,4,3000,50000,4,2026-07-03
916,2,5,3,40000,50000,2,2026-07-04
917,5,5,4,15000,70000,2,2026-07-05
918,2,4,5,5000,50000,1,2026-07-06
919,3,3,5,80000,30000,3,2026-07-07
920,3,3,1,40000,30000,4,2026-07-08
921,5,1,3,5000,30000,4,2026-07-09
922,3,5,4,15000,2000,3,2026-07-10
923,5,6,1,80000,50000,0,2026-07-11
924,4,2,5,40000,50000,0,2026-07-12
925,2,4,4,40000,50000,0,2026-07-13
926,5,2,3,15000,30000,1,2026-07-14
927,5,2,2,3000,70000,3,2026-07-15
928,1,6,4,5000,70000,4,2026-07-16
929,5,7,4,5000,10000,2,2026-07-17
930,2,4,1,15000,10000,4,2026-07-18
931,3,1,5,60000,30000,0,2026-07-19
932,1,6,1,5000,70000,1,2026-07-20
933,1,4,2,5000,2000,1,2026-07-21
934,1,7,5,40000,10000,0,2026-07-22
935,4,5,4,60000,4000,4,2026-07-23
936,1,4,2,15000,50000,2,2026-07-24
937,2,5,1,80000,10000,1,2026-07-25
938,5,1,2,80000,50000,4,2026-07-26
939,1,4,5,80000,10000,2,2026-07-27
940,3,4,5,5000,4000,0,2026-07-28
941,3,5,4,60000,4000,2,2026-07-29
942,1,7,4,15000,30000,0,2026-07-30
943,5,5,4,60000,10000,3,2026-07-31
944,3,5,4,5000,2000,3,2026-08-01
945,1,3,3,40000,4000,0,2026-08-02
946,2,7,2,80000,4000,0,2026-08-03
947,3,3,3,3000,10000,4,2026-08-04
948,4,1,5,60000,70000,1,2026-08-05
949,5,3,1,80000,2000,4,2026-08-06
950,5,4,3,80000,30000,0,2026-08-07
951,3,5,1,5000,70000,2,2026-08-08
952,4,1,4,15000,4000,4,2026-08-09
953,2,5,2,5000,4000,3,2026-08-10
954,3,6,5,60000,30000,2,2026-08-11
955,3,6,3,15000,70000,2,2026-08-12
956,4,7,1,5000,2000,3,2026-08-13
957,2,2,5,80000,70000,0,2026-08-14
958,2,4,1,5000,50000,1,2026-08-15
959,4,3,5,5000,4000,0,2026-08-16
960,5,2,2,3000,50000,4,2026-08-17
961,5,3,1,3000,30000,2,2026-08-18
962,3,1,1,60000,30000,3,2026-08-19
963,4,5,5,60000,4000,1,2026-08-20
964,5,5,3,3000,70000,0,2026-08-21
965,5,3,3,5000,4000,2,2026-08-22
966,4,4,4,3000,4000,2,2026-08-23
967,4,5,4,40000,30000,1,2026-08-24
968,5,6,1,40000,30000,4,2026-08-25
969,2,3,4,80000,70000,1,2026-08-26
970,2,4,2,3000,30000,2,2026-08-27
971,1,6,4,80000,30000,3,2026-08-28
972,3,2,5,3000,30000,4,2026-08-29
973,5,6,5,15000,4000,2,2026-08-30
974,4,2,3,15000,70000,4,2026-08-31
975,3,1,1,80000,30000,0,2026-09-01
976,3,5,1,80000,50000,4,2026-09-02
977,2,6,4,5000,2000,4,2026-09-03
978,4,5,2,15000,2000,4,2026-09-04
979,2,4,5,40000,2000,2,2026-09-05
980,1,3,5,40000,30000,4,2026-09-06
981,3,6,3,40000,2000,2,2026-09-07
982,4,4,1,15000,2000,3,2026-09-08
983,4,5,1,60000,2000,2,2026-09-09
984,5,4,4,40000,70000,3,2026-09-10
985,4,4,2,40000,30000,0,2026-09-11
986,2,5,3,40000,50000,2,2026-09-12
987,2,6,2,15000,4000,1,2026-09-13
988,2,3,3,40000,10000,2,2026-09-14
989,1,3,2,40000,50000,0,2026-09-15
990,2,7,4,5000,10000,2,2026-09-16
991,3,2,2,3000,10000,4,2026-09-17
992,2,4,2,15000,70000,2,2026-09-18
993,3,2,2,80000,10000,3,2026-09-19
994,4,3,3,80000,10000,4,2026-09-20
995,4,2,1,40000,10000,4,2026-09-21
996,2,7,3,80000,10000,1,2026-09-22
997,4,7,4,5000,4000,3,2026-09-23
998,4,3,5,40000,10000,1,2026-09-24
999,4,4,3,40000,10000,4,2026-09-25
1000,2,4,3,15000,4000,4,2026-09-26
